
CREATE TABLE tbSala (
 	numero_sala INT PRIMARY KEY,
 	descricao_sala VARCHAR (30),
 	capacidade_sala INT
 );
 
 CREATE TABLE tbDiretor(
	codigo_diretor INT PRIMARY KEY,
	nome_diretor VARCHAR (30)
 );
 
 CREATE TABLE tbFilme(
	codigo_filme INT PRIMARY KEY,
	nome_filme VARCHAR (50),
	ano_lancamento INT,
	categoria_filme VARCHAR(20),
	codigo_diretor INT,
	FOREIGN KEY (codigo_diretor) REFERENCES tbDiretor (codigo_diretor)
 );
 
 CREATE TABLE tbPremio(
   codigo_premio INT PRIMARY KEY,
   nome_premio VARCHAR(40)
 );

 CREATE TABLE tbPremioFilme(
   codigo_premio INT,
   codigo_filme INT,
   ano_premio INT,
   PRIMARY key (codigo_premio,codigo_filme,ano_premio),
   FOREIGN KEY (codigo_premio) REFERENCES tbPremio (codigo_premio),
   FOREIGN KEY (codigo_filme) REFERENCES tbFilme (codigo_filme)
 );
 
 CREATE TABLE tbSalaFilme (
   codigo_filme INT,
   numero_sala INT,
   data_sf DATE,
   horario_sf TIME,
   PRIMARY key (codigo_filme,numero_sala,data_sf,horario_sf),
   FOREIGN key (codigo_filme) REFERENCES tbFilme (codigo_filme),
   FOREIGN key (numero_sala) REFERENCES tbSala (numero_sala)
 );
 
 INSERT INTO tbSala VALUES
	(1,'Sala Azul',150),
	(2,'Sala Preta',300),
	(3,'Sala Vermelha',400),
	(4,'Sala Marrom',200),
	(5,'Sala Verde',200);

INSERT INTO tbDiretor VALUES
	(1, 'Steven Spielberg'),
	(2,	'Martin Scorsese'),
	(3,	'Christopher Nolan'),
	(4,	'Tim Burton'),
	(5,	'James Cameron'),
	(6,	'David Fincher'),
	(7,	'Fernando Meireles'),
	(8,	'Greta Gerwig'),
	(9,	'Steve McQueen'),
	(10, 'Ang Lee'),
	(11, 'Peter Jackson');

INSERT INTO tbFilme VALUES
	(1, 'Tubarão', 1975, 'Suspense', 1), 
	(2, 'E.T. O Extraterrestre', 1982, 'Ficção Científica', 1), 
	(3, 'Jurassic Park', 1993, 'Ficção Científica', 1), 
	(4, 'O Resgate do Soldado Ryan', 1998, 'Ação', 1), 
	(5, 'A.I.—Inteligência Artificial', 2001, 'Ficção Científica', 1), 
	(6, 'O Irlandês', 2019, 'Drama', 2), 
	(7, 'O Lobo de Wall Street', 2013, 'Comédia', 2), 
	(8, 'A Invenção de Hugo Cabret', 2011, 'Aventura', 2), 
	(9, 'Oppenheimer', 2023, 'Cinebiografia', 3), 
	(10, 'Interestelar', 2014, 'Ficção Científica', 3), 
	(11, 'A Origem', 2010, 'Ficção Científica', 3), 
	(12, 'Batman: O Cavaleiro das Trevas', 2012, 'Aventura', 3), 
	(13, 'Alice no País das Maravilhas', 2010, 'Aventura', 4), 
	(14, 'Dumbo', 2019, 'Live-action', 4), 
	(15, 'A Noiva Cadáver', 2005, 'Animação', 4), 
	(16, 'Planeta dos Macacos', 2001, 'Ficção Científica', 4), 
	(17, 'O Estranho Mundo de Jack', 1993, 'Animação', 4), 
	(18, 'Edward Mãos de Tesoura', 1990, 'Drama', 4), 
	(19, 'Titanic', 1997, 'Drama', 5), 
	(20, 'Avatar', 2009, 'Ficção Científica', 5), 
	(21, 'Avatar: O Caminho da Água', 2022, 'Ficção Científica', 5), 
	(22, 'Garota Exemplar', 2014, 'Drama', 6), 
	(23, 'O Curioso Caso de Benjamin Button', 2008, 'Drama', 6), 
	(24, 'O Quarto do Pânico', 2002, 'Terror', 6), 
	(25, 'Clube da Luta', 1999, 'Drama', 6), 
	(26, 'A Rede Social', 2010, 'Cinebiografia', 6), 
	(27, 'Dois Papas', 2019, 'Cinebiografia', 7), 
	(28, 'Ensaio Sobre a Cegueira', 2008, 'Drama', 7), 
	(29, 'Cidade de Deus', 2002, 'Drama', 7), 
	(30, 'Barbie', 2023, 'Live-action', 8), 
	(31, 'Lady Bird: A Hora de Voar', 2017, 'Comédia', 8), 
	(32, '12 anos de Escavidão', 2014, 'Drama', 9), 
	(33, 'O Segredo de Brokeback Mountain', 2006, 'Drama', 10), 
	(34, 'O aviador', 2005, 'Drama', 2), 
	(35, 'O senhor dos anéis: A socieda do anel', 2002, 'Aventura', 11);

INSERT INTO tbPremio VALUES
	(1,	'Óscar'),
	(2,	'Globo de Ouro'),	
	(3,	'Prêmio Saturno'),
	(4,	'MTV Movie Awards'),
	(5,	'Grande Prêmio do Cinema Brasileiro'),
	(6,	'BAFTA');

INSERT INTO tbPremioFilme VALUES
	(1, 9, 2023),
	(1, 19, 1998),
	(1, 32, 2014),
	(2, 19, 1999),
	(2, 4, 1998),
	(2, 9, 2023),
	(2, 33, 2006),
	(2, 31, 2017),
	(2, 20, 2010),
	(2, 26, 2011),
	(2, 32, 2014),
	(2, 2, 1983),
	(2, 34, 2005),
	(3, 3, 1994),
	(3, 15, 2005),
	(3, 17, 1994),
	(3, 21, 2022),
	(3, 10, 2014),
	(3, 11, 2010),
	(3, 20, 2010),
	(3, 5, 2002),
	(3, 2, 1983),
	(3, 4, 1998),
	(4, 4, 1999),
	(4, 35, 2002),
	(4, 19, 1998),
	(5, 29, 2003),
	(6, 9, 2024),
	(6, 32, 2014),
	(6, 33, 2006),
	(6, 34, 2005),
	(6, 35, 2002);

INSERT INTO tbSalaFilme VALUES
	(1, 1, '2024-01-01', '12:00:00'),
	(1, 2, '2024-01-01', '14:30:00'),
	(1, 3, '2024-01-01', '17:00:00'),
	(1, 4, '2024-01-01', '19:30:00'),
	(1, 5, '2024-01-01', '22:00:00'),
	(2, 1, '2024-01-01', '14:30:00'),
	(2, 2, '2024-01-01', '17:00:00'),
	(2, 3, '2024-01-01', '19:30:00'),
	(2, 4, '2024-01-01', '22:00:00'),
	(2, 5, '2024-01-01', '12:00:00'),
	(3, 1, '2024-01-01', '17:00:00'),
	(3, 2, '2024-01-01', '19:30:00'),
	(3, 3, '2024-01-01', '22:00:00'),
	(3, 4, '2024-01-01', '12:00:00'),
	(3, 5, '2024-01-01', '14:30:00'),
	(4, 1, '2024-01-01', '19:30:00'),
	(4, 2, '2024-01-01', '22:00:00'),
	(4, 3, '2024-01-01', '12:00:00'),
	(4, 4, '2024-01-01', '14:30:00'),
	(4, 5, '2024-01-01', '17:00:00'),
	(5, 1, '2024-01-01', '22:00:00'),
	(5, 2, '2024-01-01', '12:00:00'),
	(5, 3, '2024-01-01', '14:30:00'),
	(5, 4, '2024-01-01', '17:00:00'),
	(5, 5, '2024-01-01', '19:30:00'),
	(1, 1, '2024-01-02', '12:00:00'),
	(1, 2, '2024-01-02', '14:30:00'),
	(1, 3, '2024-01-02', '17:00:00'),
	(1, 4, '2024-01-02', '19:30:00'),
	(1, 5, '2024-01-02', '22:00:00'),
	(2, 1, '2024-01-02', '14:30:00'),
	(2, 2, '2024-01-02', '17:00:00'),
	(2, 3, '2024-01-02', '19:30:00'),
	(2, 4, '2024-01-02', '22:00:00'),
	(2, 5, '2024-01-02', '12:00:00'),
	(3, 1, '2024-01-02', '17:00:00'),
	(3, 2, '2024-01-02', '19:30:00'),
	(3, 3, '2024-01-02', '22:00:00'),
	(3, 4, '2024-01-02', '12:00:00'),
	(3, 5, '2024-01-02', '14:30:00'),
	(4, 1, '2024-01-02', '19:30:00'),
	(4, 2, '2024-01-02', '22:00:00'),
	(4, 3, '2024-01-02', '12:00:00'),
	(4, 4, '2024-01-02', '14:30:00'),
	(4, 5, '2024-01-02', '17:00:00'),
	(5, 1, '2024-01-02', '22:00:00'),
	(5, 2, '2024-01-02', '12:00:00'),
	(5, 3, '2024-01-02', '14:30:00'),
	(5, 4, '2024-01-02', '17:00:00'),
	(5, 5, '2024-01-02', '19:30:00'),
	(1, 1, '2024-01-03', '12:00:00'),
	(1, 2, '2024-01-03', '14:30:00'),
	(1, 3, '2024-01-03', '17:00:00'),
	(1, 4, '2024-01-03', '19:30:00'),
	(1, 5, '2024-01-03', '22:00:00'),
	(2, 1, '2024-01-03', '14:30:00'),
	(2, 2, '2024-01-03', '17:00:00'),
	(2, 3, '2024-01-03', '19:30:00'),
	(2, 4, '2024-01-03', '22:00:00'),
	(2, 5, '2024-01-03', '12:00:00'),
	(3, 1, '2024-01-03', '17:00:00'),
	(3, 2, '2024-01-03', '19:30:00'),
	(3, 3, '2024-01-03', '22:00:00'),
	(3, 4, '2024-01-03', '12:00:00'),
	(3, 5, '2024-01-03', '14:30:00'),
	(4, 1, '2024-01-03', '19:30:00'),
	(4, 2, '2024-01-03', '22:00:00'),
	(4, 3, '2024-01-03', '12:00:00'),
	(4, 4, '2024-01-03', '14:30:00'),
	(4, 5, '2024-01-03', '17:00:00'),
	(5, 1, '2024-01-03', '22:00:00'),
	(5, 2, '2024-01-03', '12:00:00'),
	(5, 3, '2024-01-03', '14:30:00'),
	(5, 4, '2024-01-03', '17:00:00'),
	(5, 5, '2024-01-03', '19:30:00'),
	(1, 1, '2024-01-04', '12:00:00'),
	(1, 2, '2024-01-04', '14:30:00'),
	(1, 3, '2024-01-04', '17:00:00'),
	(1, 4, '2024-01-04', '19:30:00'),
	(1, 5, '2024-01-04', '22:00:00'),
	(2, 1, '2024-01-04', '14:30:00'),
	(2, 2, '2024-01-04', '17:00:00'),
	(2, 3, '2024-01-04', '19:30:00'),
	(2, 4, '2024-01-04', '22:00:00'),
	(2, 5, '2024-01-04', '12:00:00'),
	(3, 1, '2024-01-04', '17:00:00'),
	(3, 2, '2024-01-04', '19:30:00'),
	(3, 3, '2024-01-04', '22:00:00'),
	(3, 4, '2024-01-04', '12:00:00'),
	(3, 5, '2024-01-04', '14:30:00'),
	(4, 1, '2024-01-04', '19:30:00'),
	(4, 2, '2024-01-04', '22:00:00'),
	(4, 3, '2024-01-04', '12:00:00'),
	(4, 4, '2024-01-04', '14:30:00'),
	(4, 5, '2024-01-04', '17:00:00'),
	(5, 1, '2024-01-04', '22:00:00'),
	(5, 2, '2024-01-04', '12:00:00'),
	(5, 3, '2024-01-04', '14:30:00'),
	(5, 4, '2024-01-04', '17:00:00'),
	(5, 5, '2024-01-04', '19:30:00'),
	(1, 1, '2024-01-05', '12:00:00'),
	(1, 2, '2024-01-05', '14:30:00'),
	(1, 3, '2024-01-05', '17:00:00'),
	(1, 4, '2024-01-05', '19:30:00'),
	(1, 5, '2024-01-05', '22:00:00'),
	(2, 1, '2024-01-05', '14:30:00'),
	(2, 2, '2024-01-05', '17:00:00'),
	(2, 3, '2024-01-05', '19:30:00'),
	(2, 4, '2024-01-05', '22:00:00'),
	(2, 5, '2024-01-05', '12:00:00'),
	(3, 1, '2024-01-05', '17:00:00'),
	(3, 2, '2024-01-05', '19:30:00'),
	(3, 3, '2024-01-05', '22:00:00'),
	(3, 4, '2024-01-05', '12:00:00'),
	(3, 5, '2024-01-05', '14:30:00'),
	(4, 1, '2024-01-05', '19:30:00'),
	(4, 2, '2024-01-05', '22:00:00'),
	(4, 3, '2024-01-05', '12:00:00'),
	(4, 4, '2024-01-05', '14:30:00'),
	(4, 5, '2024-01-05', '17:00:00'),
	(5, 1, '2024-01-05', '22:00:00'),
	(5, 2, '2024-01-05', '12:00:00'),
	(5, 3, '2024-01-05', '14:30:00'),
	(5, 4, '2024-01-05', '17:00:00'),
	(5, 5, '2024-01-05', '19:30:00'),
	(6, 1, '2024-01-06', '12:00:00'),
	(6, 2, '2024-01-06', '14:30:00'),
	(6, 3, '2024-01-06', '17:00:00'),
	(6, 4, '2024-01-06', '19:30:00'),
	(6, 5, '2024-01-06', '22:00:00'),
	(7, 1, '2024-01-06', '14:30:00'),
	(7, 2, '2024-01-06', '17:00:00'),
	(7, 3, '2024-01-06', '19:30:00'),
	(7, 4, '2024-01-06', '22:00:00'),
	(7, 5, '2024-01-06', '12:00:00'),
	(8, 1, '2024-01-06', '17:00:00'),
	(8, 2, '2024-01-06', '19:30:00'),
	(8, 3, '2024-01-06', '22:00:00'),
	(8, 4, '2024-01-06', '12:00:00'),
	(8, 5, '2024-01-06', '14:30:00'),
	(9, 1, '2024-01-06', '19:30:00'),
	(9, 2, '2024-01-06', '22:00:00'),
	(9, 3, '2024-01-06', '12:00:00'),
	(9, 4, '2024-01-06', '14:30:00'),
	(9, 5, '2024-01-06', '17:00:00'),
	(10, 1, '2024-01-06', '22:00:00'),
	(10, 2, '2024-01-06', '12:00:00'),
	(10, 3, '2024-01-06', '14:30:00'),
	(10, 4, '2024-01-06', '17:00:00'),
	(10, 5, '2024-01-06', '19:30:00'),
	(6, 1, '2024-01-07', '12:00:00'),
	(6, 2, '2024-01-07', '14:30:00'),
	(6, 3, '2024-01-07', '17:00:00'),
	(6, 4, '2024-01-07', '19:30:00'),
	(6, 5, '2024-01-07', '22:00:00'),
	(7, 1, '2024-01-07', '14:30:00'),
	(7, 2, '2024-01-07', '17:00:00'),
	(7, 3, '2024-01-07', '19:30:00'),
	(7, 4, '2024-01-07', '22:00:00'),
	(7, 5, '2024-01-07', '12:00:00'),
	(8, 1, '2024-01-07', '17:00:00'),
	(8, 2, '2024-01-07', '19:30:00'),
	(8, 3, '2024-01-07', '22:00:00'),
	(8, 4, '2024-01-07', '12:00:00'),
	(8, 5, '2024-01-07', '14:30:00'),
	(9, 1, '2024-01-07', '19:30:00'),
	(9, 2, '2024-01-07', '22:00:00'),
	(9, 3, '2024-01-07', '12:00:00'),
	(9, 4, '2024-01-07', '14:30:00'),
	(9, 5, '2024-01-07', '17:00:00'),
	(10, 1, '2024-01-07', '22:00:00'),
	(10, 2, '2024-01-07', '12:00:00'),
	(10, 3, '2024-01-07', '14:30:00'),
	(10, 4, '2024-01-07', '17:00:00'),
	(10, 5, '2024-01-07', '19:30:00'),
	(6, 1, '2024-01-08', '12:00:00'),
	(6, 2, '2024-01-08', '14:30:00'),
	(6, 3, '2024-01-08', '17:00:00'),
	(6, 4, '2024-01-08', '19:30:00'),
	(6, 5, '2024-01-08', '22:00:00'),
	(7, 1, '2024-01-08', '14:30:00'),
	(7, 2, '2024-01-08', '17:00:00'),
	(7, 3, '2024-01-08', '19:30:00'),
	(7, 4, '2024-01-08', '22:00:00'),
	(7, 5, '2024-01-08', '12:00:00'),
	(8, 1, '2024-01-08', '17:00:00'),
	(8, 2, '2024-01-08', '19:30:00'),
	(8, 3, '2024-01-08', '22:00:00'),
	(8, 4, '2024-01-08', '12:00:00'),
	(8, 5, '2024-01-08', '14:30:00'),
	(9, 1, '2024-01-08', '19:30:00'),
	(9, 2, '2024-01-08', '22:00:00'),
	(9, 3, '2024-01-08', '12:00:00'),
	(9, 4, '2024-01-08', '14:30:00'),
	(9, 5, '2024-01-08', '17:00:00'),
	(10, 1, '2024-01-08', '22:00:00'),
	(10, 2, '2024-01-08', '12:00:00'),
	(10, 3, '2024-01-08', '14:30:00'),
	(10, 4, '2024-01-08', '17:00:00'),
	(10, 5, '2024-01-08', '19:30:00'),
	(6, 1, '2024-01-09', '12:00:00'),
	(6, 2, '2024-01-09', '14:30:00'),
	(6, 3, '2024-01-09', '17:00:00'),
	(6, 4, '2024-01-09', '19:30:00'),
	(6, 5, '2024-01-09', '22:00:00'),
	(7, 1, '2024-01-09', '14:30:00'),
	(7, 2, '2024-01-09', '17:00:00'),
	(7, 3, '2024-01-09', '19:30:00'),
	(7, 4, '2024-01-09', '22:00:00'),
	(7, 5, '2024-01-09', '12:00:00'),
	(8, 1, '2024-01-09', '17:00:00'),
	(8, 2, '2024-01-09', '19:30:00'),
	(8, 3, '2024-01-09', '22:00:00'),
	(8, 4, '2024-01-09', '12:00:00'),
	(8, 5, '2024-01-09', '14:30:00'),
	(9, 1, '2024-01-09', '19:30:00'),
	(9, 2, '2024-01-09', '22:00:00'),
	(9, 3, '2024-01-09', '12:00:00'),
	(9, 4, '2024-01-09', '14:30:00'),
	(9, 5, '2024-01-09', '17:00:00'),
	(10, 1, '2024-01-09', '22:00:00'),
	(10, 2, '2024-01-09', '12:00:00'),
	(10, 3, '2024-01-09', '14:30:00'),
	(10, 4, '2024-01-09', '17:00:00'),
	(10, 5, '2024-01-09', '19:30:00'),
	(6, 1, '2024-01-10', '12:00:00'),
	(6, 2, '2024-01-10', '14:30:00'),
	(6, 3, '2024-01-10', '17:00:00'),
	(6, 4, '2024-01-10', '19:30:00'),
	(6, 5, '2024-01-10', '22:00:00'),
	(7, 1, '2024-01-10', '14:30:00'),
	(7, 2, '2024-01-10', '17:00:00'),
	(7, 3, '2024-01-10', '19:30:00'),
	(7, 4, '2024-01-10', '22:00:00'),
	(7, 5, '2024-01-10', '12:00:00'),
	(8, 1, '2024-01-10', '17:00:00'),
	(8, 2, '2024-01-10', '19:30:00'),
	(8, 3, '2024-01-10', '22:00:00'),
	(8, 4, '2024-01-10', '12:00:00'),
	(8, 5, '2024-01-10', '14:30:00'),
	(9, 1, '2024-01-10', '19:30:00'),
	(9, 2, '2024-01-10', '22:00:00'),
	(9, 3, '2024-01-10', '12:00:00'),
	(9, 4, '2024-01-10', '14:30:00'),
	(9, 5, '2024-01-10', '17:00:00'),
	(10, 1, '2024-01-10', '22:00:00'),
	(10, 2, '2024-01-10', '12:00:00'),
	(10, 3, '2024-01-10', '14:30:00'),
	(10, 4, '2024-01-10', '17:00:00'),
	(10, 5, '2024-01-10', '19:30:00'),
	(11, 1, '2024-01-11', '12:00:00'),
	(11, 2, '2024-01-11', '14:30:00'),
	(11, 3, '2024-01-11', '17:00:00'),
	(11, 4, '2024-01-11', '19:30:00'),
	(11, 5, '2024-01-11', '22:00:00'),
	(12, 1, '2024-01-11', '14:30:00'),
	(12, 2, '2024-01-11', '17:00:00'),
	(12, 3, '2024-01-11', '19:30:00'),
	(12, 4, '2024-01-11', '22:00:00'),
	(12, 5, '2024-01-11', '12:00:00'),
	(13, 1, '2024-01-11', '17:00:00'),
	(13, 2, '2024-01-11', '19:30:00'),
	(13, 3, '2024-01-11', '22:00:00'),
	(13, 4, '2024-01-11', '12:00:00'),
	(13, 5, '2024-01-11', '14:30:00'),
	(14, 1, '2024-01-11', '19:30:00'),
	(14, 2, '2024-01-11', '22:00:00'),
	(14, 3, '2024-01-11', '12:00:00'),
	(14, 4, '2024-01-11', '14:30:00'),
	(14, 5, '2024-01-11', '17:00:00'),
	(15, 1, '2024-01-11', '22:00:00'),
	(15, 2, '2024-01-11', '12:00:00'),
	(15, 3, '2024-01-11', '14:30:00'),
	(15, 4, '2024-01-11', '17:00:00'),
	(15, 5, '2024-01-11', '19:30:00'),
	(11, 1, '2024-01-12', '12:00:00'),
	(11, 2, '2024-01-12', '14:30:00'),
	(11, 3, '2024-01-12', '17:00:00'),
	(11, 4, '2024-01-12', '19:30:00'),
	(11, 5, '2024-01-12', '22:00:00'),
	(12, 1, '2024-01-12', '14:30:00'),
	(12, 2, '2024-01-12', '17:00:00'),
	(12, 3, '2024-01-12', '19:30:00'),
	(12, 4, '2024-01-12', '22:00:00'),
	(12, 5, '2024-01-12', '12:00:00'),
	(13, 1, '2024-01-12', '17:00:00'),
	(13, 2, '2024-01-12', '19:30:00'),
	(13, 3, '2024-01-12', '22:00:00'),
	(13, 4, '2024-01-12', '12:00:00'),
	(13, 5, '2024-01-12', '14:30:00'),
	(14, 1, '2024-01-12', '19:30:00'),
	(14, 2, '2024-01-12', '22:00:00'),
	(14, 3, '2024-01-12', '12:00:00'),
	(14, 4, '2024-01-12', '14:30:00'),
	(14, 5, '2024-01-12', '17:00:00'),
	(15, 1, '2024-01-12', '22:00:00'),
	(15, 2, '2024-01-12', '12:00:00'),
	(15, 3, '2024-01-12', '14:30:00'),
	(15, 4, '2024-01-12', '17:00:00'),
	(15, 5, '2024-01-12', '19:30:00'),
	(11, 1, '2024-01-13', '12:00:00'),
	(11, 2, '2024-01-13', '14:30:00'),
	(11, 3, '2024-01-13', '17:00:00'),
	(11, 4, '2024-01-13', '19:30:00'),
	(11, 5, '2024-01-13', '22:00:00'),
	(12, 1, '2024-01-13', '14:30:00'),
	(12, 2, '2024-01-13', '17:00:00'),
	(12, 3, '2024-01-13', '19:30:00'),
	(12, 4, '2024-01-13', '22:00:00'),
	(12, 5, '2024-01-13', '12:00:00'),
	(13, 1, '2024-01-13', '17:00:00'),
	(13, 2, '2024-01-13', '19:30:00'),
	(13, 3, '2024-01-13', '22:00:00'),
	(13, 4, '2024-01-13', '12:00:00'),
	(13, 5, '2024-01-13', '14:30:00'),
	(14, 1, '2024-01-13', '19:30:00'),
	(14, 2, '2024-01-13', '22:00:00'),
	(14, 3, '2024-01-13', '12:00:00'),
	(14, 4, '2024-01-13', '14:30:00'),
	(14, 5, '2024-01-13', '17:00:00'),
	(15, 1, '2024-01-13', '22:00:00'),
	(15, 2, '2024-01-13', '12:00:00'),
	(15, 3, '2024-01-13', '14:30:00'),
	(15, 4, '2024-01-13', '17:00:00'),
	(15, 5, '2024-01-13', '19:30:00'),
	(11, 1, '2024-01-14', '12:00:00'),
	(11, 2, '2024-01-14', '14:30:00'),
	(11, 3, '2024-01-14', '17:00:00'),
	(11, 4, '2024-01-14', '19:30:00'),
	(11, 5, '2024-01-14', '22:00:00'),
	(12, 1, '2024-01-14', '14:30:00'),
	(12, 2, '2024-01-14', '17:00:00'),
	(12, 3, '2024-01-14', '19:30:00'),
	(12, 4, '2024-01-14', '22:00:00'),
	(12, 5, '2024-01-14', '12:00:00'),
	(13, 1, '2024-01-14', '17:00:00'),
	(13, 2, '2024-01-14', '19:30:00'),
	(13, 3, '2024-01-14', '22:00:00'),
	(13, 4, '2024-01-14', '12:00:00'),
	(13, 5, '2024-01-14', '14:30:00'),
	(14, 1, '2024-01-14', '19:30:00'),
	(14, 2, '2024-01-14', '22:00:00'),
	(14, 3, '2024-01-14', '12:00:00'),
	(14, 4, '2024-01-14', '14:30:00'),
	(14, 5, '2024-01-14', '17:00:00'),
	(15, 1, '2024-01-14', '22:00:00'),
	(15, 2, '2024-01-14', '12:00:00'),
	(15, 3, '2024-01-14', '14:30:00'),
	(15, 4, '2024-01-14', '17:00:00'),
	(15, 5, '2024-01-14', '19:30:00'),
	(11, 1, '2024-01-15', '12:00:00'),
	(11, 2, '2024-01-15', '14:30:00'),
	(11, 3, '2024-01-15', '17:00:00'),
	(11, 4, '2024-01-15', '19:30:00'),
	(11, 5, '2024-01-15', '22:00:00'),
	(12, 1, '2024-01-15', '14:30:00'),
	(12, 2, '2024-01-15', '17:00:00'),
	(12, 3, '2024-01-15', '19:30:00'),
	(12, 4, '2024-01-15', '22:00:00'),
	(12, 5, '2024-01-15', '12:00:00'),
	(13, 1, '2024-01-15', '17:00:00'),
	(13, 2, '2024-01-15', '19:30:00'),
	(13, 3, '2024-01-15', '22:00:00'),
	(13, 4, '2024-01-15', '12:00:00'),
	(13, 5, '2024-01-15', '14:30:00'),
	(14, 1, '2024-01-15', '19:30:00'),
	(14, 2, '2024-01-15', '22:00:00'),
	(14, 3, '2024-01-15', '12:00:00'),
	(14, 4, '2024-01-15', '14:30:00'),
	(14, 5, '2024-01-15', '17:00:00'),
	(15, 1, '2024-01-15', '22:00:00'),
	(15, 2, '2024-01-15', '12:00:00'),
	(15, 3, '2024-01-15', '14:30:00'),
	(15, 4, '2024-01-15', '17:00:00'),
	(15, 5, '2024-01-15', '19:30:00'),
	(16, 1, '2024-01-16', '12:00:00'),
	(16, 2, '2024-01-16', '14:30:00'),
	(16, 3, '2024-01-16', '17:00:00'),
	(16, 4, '2024-01-16', '19:30:00'),
	(16, 5, '2024-01-16', '22:00:00'),
	(17, 1, '2024-01-16', '14:30:00'),
	(17, 2, '2024-01-16', '17:00:00'),
	(17, 3, '2024-01-16', '19:30:00'),
	(17, 4, '2024-01-16', '22:00:00'),
	(17, 5, '2024-01-16', '12:00:00'),
	(18, 1, '2024-01-16', '17:00:00'),
	(18, 2, '2024-01-16', '19:30:00'),
	(18, 3, '2024-01-16', '22:00:00'),
	(18, 4, '2024-01-16', '12:00:00'),
	(18, 5, '2024-01-16', '14:30:00'),
	(19, 1, '2024-01-16', '19:30:00'),
	(19, 2, '2024-01-16', '22:00:00'),
	(19, 3, '2024-01-16', '12:00:00'),
	(19, 4, '2024-01-16', '14:30:00'),
	(19, 5, '2024-01-16', '17:00:00'),
	(20, 1, '2024-01-16', '22:00:00'),
	(20, 2, '2024-01-16', '12:00:00'),
	(20, 3, '2024-01-16', '14:30:00'),
	(20, 4, '2024-01-16', '17:00:00'),
	(20, 5, '2024-01-16', '19:30:00'),
	(16, 1, '2024-01-17', '12:00:00'),
	(16, 2, '2024-01-17', '14:30:00'),
	(16, 3, '2024-01-17', '17:00:00'),
	(16, 4, '2024-01-17', '19:30:00'),
	(16, 5, '2024-01-17', '22:00:00'),
	(17, 1, '2024-01-17', '14:30:00'),
	(17, 2, '2024-01-17', '17:00:00'),
	(17, 3, '2024-01-17', '19:30:00'),
	(17, 4, '2024-01-17', '22:00:00'),
	(17, 5, '2024-01-17', '12:00:00'),
	(18, 1, '2024-01-17', '17:00:00'),
	(18, 2, '2024-01-17', '19:30:00'),
	(18, 3, '2024-01-17', '22:00:00'),
	(18, 4, '2024-01-17', '12:00:00'),
	(18, 5, '2024-01-17', '14:30:00'),
	(19, 1, '2024-01-17', '19:30:00'),
	(19, 2, '2024-01-17', '22:00:00'),
	(19, 3, '2024-01-17', '12:00:00'),
	(19, 4, '2024-01-17', '14:30:00'),
	(19, 5, '2024-01-17', '17:00:00'),
	(20, 1, '2024-01-17', '22:00:00'),
	(20, 2, '2024-01-17', '12:00:00'),
	(20, 3, '2024-01-17', '14:30:00'),
	(20, 4, '2024-01-17', '17:00:00'),
	(20, 5, '2024-01-17', '19:30:00'),
	(16, 1, '2024-01-18', '12:00:00'),
	(16, 2, '2024-01-18', '14:30:00'),
	(16, 3, '2024-01-18', '17:00:00'),
	(16, 4, '2024-01-18', '19:30:00'),
	(16, 5, '2024-01-18', '22:00:00'),
	(17, 1, '2024-01-18', '14:30:00'),
	(17, 2, '2024-01-18', '17:00:00'),
	(17, 3, '2024-01-18', '19:30:00'),
	(17, 4, '2024-01-18', '22:00:00'),
	(17, 5, '2024-01-18', '12:00:00'),
	(18, 1, '2024-01-18', '17:00:00'),
	(18, 2, '2024-01-18', '19:30:00'),
	(18, 3, '2024-01-18', '22:00:00'),
	(18, 4, '2024-01-18', '12:00:00'),
	(18, 5, '2024-01-18', '14:30:00'),
	(19, 1, '2024-01-18', '19:30:00'),
	(19, 2, '2024-01-18', '22:00:00'),
	(19, 3, '2024-01-18', '12:00:00'),
	(19, 4, '2024-01-18', '14:30:00'),
	(19, 5, '2024-01-18', '17:00:00'),
	(20, 1, '2024-01-18', '22:00:00'),
	(20, 2, '2024-01-18', '12:00:00'),
	(20, 3, '2024-01-18', '14:30:00'),
	(20, 4, '2024-01-18', '17:00:00'),
	(20, 5, '2024-01-18', '19:30:00'),
	(16, 1, '2024-01-19', '12:00:00'),
	(16, 2, '2024-01-19', '14:30:00'),
	(16, 3, '2024-01-19', '17:00:00'),
	(16, 4, '2024-01-19', '19:30:00'),
	(16, 5, '2024-01-19', '22:00:00'),
	(17, 1, '2024-01-19', '14:30:00'),
	(17, 2, '2024-01-19', '17:00:00'),
	(17, 3, '2024-01-19', '19:30:00'),
	(17, 4, '2024-01-19', '22:00:00'),
	(17, 5, '2024-01-19', '12:00:00'),
	(18, 1, '2024-01-19', '17:00:00'),
	(18, 2, '2024-01-19', '19:30:00'),
	(18, 3, '2024-01-19', '22:00:00'),
	(18, 4, '2024-01-19', '12:00:00'),
	(18, 5, '2024-01-19', '14:30:00'),
	(19, 1, '2024-01-19', '19:30:00'),
	(19, 2, '2024-01-19', '22:00:00'),
	(19, 3, '2024-01-19', '12:00:00'),
	(19, 4, '2024-01-19', '14:30:00'),
	(19, 5, '2024-01-19', '17:00:00'),
	(20, 1, '2024-01-19', '22:00:00'),
	(20, 2, '2024-01-19', '12:00:00'),
	(20, 3, '2024-01-19', '14:30:00'),
	(20, 4, '2024-01-19', '17:00:00'),
	(20, 5, '2024-01-19', '19:30:00'),
	(16, 1, '2024-01-20', '12:00:00'),
	(16, 2, '2024-01-20', '14:30:00'),
	(16, 3, '2024-01-20', '17:00:00'),
	(16, 4, '2024-01-20', '19:30:00'),
	(16, 5, '2024-01-20', '22:00:00'),
	(17, 1, '2024-01-20', '14:30:00'),
	(17, 2, '2024-01-20', '17:00:00'),
	(17, 3, '2024-01-20', '19:30:00'),
	(17, 4, '2024-01-20', '22:00:00'),
	(17, 5, '2024-01-20', '12:00:00'),
	(18, 1, '2024-01-20', '17:00:00'),
	(18, 2, '2024-01-20', '19:30:00'),
	(18, 3, '2024-01-20', '22:00:00'),
	(18, 4, '2024-01-20', '12:00:00'),
	(18, 5, '2024-01-20', '14:30:00'),
	(19, 1, '2024-01-20', '19:30:00'),
	(19, 2, '2024-01-20', '22:00:00'),
	(19, 3, '2024-01-20', '12:00:00'),
	(19, 4, '2024-01-20', '14:30:00'),
	(19, 5, '2024-01-20', '17:00:00'),
	(20, 1, '2024-01-20', '22:00:00'),
	(20, 2, '2024-01-20', '12:00:00'),
	(20, 3, '2024-01-20', '14:30:00'),
	(20, 4, '2024-01-20', '17:00:00'),
	(20, 5, '2024-01-20', '19:30:00'),
	(21, 1, '2024-01-21', '12:00:00'),
	(21, 2, '2024-01-21', '14:30:00'),
	(21, 3, '2024-01-21', '17:00:00'),
	(21, 4, '2024-01-21', '19:30:00'),
	(21, 5, '2024-01-21', '22:00:00'),
	(22, 1, '2024-01-21', '14:30:00'),
	(22, 2, '2024-01-21', '17:00:00'),
	(22, 3, '2024-01-21', '19:30:00'),
	(22, 4, '2024-01-21', '22:00:00'),
	(22, 5, '2024-01-21', '12:00:00'),
	(23, 1, '2024-01-21', '17:00:00'),
	(23, 2, '2024-01-21', '19:30:00'),
	(23, 3, '2024-01-21', '22:00:00'),
	(23, 4, '2024-01-21', '12:00:00'),
	(23, 5, '2024-01-21', '14:30:00'),
	(24, 1, '2024-01-21', '19:30:00'),
	(24, 2, '2024-01-21', '22:00:00'),
	(24, 3, '2024-01-21', '12:00:00'),
	(24, 4, '2024-01-21', '14:30:00'),
	(24, 5, '2024-01-21', '17:00:00'),
	(25, 1, '2024-01-21', '22:00:00'),
	(25, 2, '2024-01-21', '12:00:00'),
	(25, 3, '2024-01-21', '14:30:00'),
	(25, 4, '2024-01-21', '17:00:00'),
	(25, 5, '2024-01-21', '19:30:00'),
	(21, 1, '2024-01-22', '12:00:00'),
	(21, 2, '2024-01-22', '14:30:00'),
	(21, 3, '2024-01-22', '17:00:00'),
	(21, 4, '2024-01-22', '19:30:00'),
	(21, 5, '2024-01-22', '22:00:00'),
	(22, 1, '2024-01-22', '14:30:00'),
	(22, 2, '2024-01-22', '17:00:00'),
	(22, 3, '2024-01-22', '19:30:00'),
	(22, 4, '2024-01-22', '22:00:00'),
	(22, 5, '2024-01-22', '12:00:00'),
	(23, 1, '2024-01-22', '17:00:00'),
	(23, 2, '2024-01-22', '19:30:00'),
	(23, 3, '2024-01-22', '22:00:00'),
	(23, 4, '2024-01-22', '12:00:00'),
	(23, 5, '2024-01-22', '14:30:00'),
	(24, 1, '2024-01-22', '19:30:00'),
	(24, 2, '2024-01-22', '22:00:00'),
	(24, 3, '2024-01-22', '12:00:00'),
	(24, 4, '2024-01-22', '14:30:00'),
	(24, 5, '2024-01-22', '17:00:00'),
	(25, 1, '2024-01-22', '22:00:00'),
	(25, 2, '2024-01-22', '12:00:00'),
	(25, 3, '2024-01-22', '14:30:00'),
	(25, 4, '2024-01-22', '17:00:00'),
	(25, 5, '2024-01-22', '19:30:00'),
	(21, 1, '2024-01-23', '12:00:00'),
	(21, 2, '2024-01-23', '14:30:00'),
	(21, 3, '2024-01-23', '17:00:00'),
	(21, 4, '2024-01-23', '19:30:00'),
	(21, 5, '2024-01-23', '22:00:00'),
	(22, 1, '2024-01-23', '14:30:00'),
	(22, 2, '2024-01-23', '17:00:00'),
	(22, 3, '2024-01-23', '19:30:00'),
	(22, 4, '2024-01-23', '22:00:00'),
	(22, 5, '2024-01-23', '12:00:00'),
	(23, 1, '2024-01-23', '17:00:00'),
	(23, 2, '2024-01-23', '19:30:00'),
	(23, 3, '2024-01-23', '22:00:00'),
	(23, 4, '2024-01-23', '12:00:00'),
	(23, 5, '2024-01-23', '14:30:00'),
	(24, 1, '2024-01-23', '19:30:00'),
	(24, 2, '2024-01-23', '22:00:00'),
	(24, 3, '2024-01-23', '12:00:00'),
	(24, 4, '2024-01-23', '14:30:00'),
	(24, 5, '2024-01-23', '17:00:00'),
	(25, 1, '2024-01-23', '22:00:00'),
	(25, 2, '2024-01-23', '12:00:00'),
	(25, 3, '2024-01-23', '14:30:00'),
	(25, 4, '2024-01-23', '17:00:00'),
	(25, 5, '2024-01-23', '19:30:00'),
	(21, 1, '2024-01-24', '12:00:00'),
	(21, 2, '2024-01-24', '14:30:00'),
	(21, 3, '2024-01-24', '17:00:00'),
	(21, 4, '2024-01-24', '19:30:00'),
	(21, 5, '2024-01-24', '22:00:00'),
	(22, 1, '2024-01-24', '14:30:00'),
	(22, 2, '2024-01-24', '17:00:00'),
	(22, 3, '2024-01-24', '19:30:00'),
	(22, 4, '2024-01-24', '22:00:00'),
	(22, 5, '2024-01-24', '12:00:00'),
	(23, 1, '2024-01-24', '17:00:00'),
	(23, 2, '2024-01-24', '19:30:00'),
	(23, 3, '2024-01-24', '22:00:00'),
	(23, 4, '2024-01-24', '12:00:00'),
	(23, 5, '2024-01-24', '14:30:00'),
	(24, 1, '2024-01-24', '19:30:00'),
	(24, 2, '2024-01-24', '22:00:00'),
	(24, 3, '2024-01-24', '12:00:00'),
	(24, 4, '2024-01-24', '14:30:00'),
	(24, 5, '2024-01-24', '17:00:00'),
	(25, 1, '2024-01-24', '22:00:00'),
	(25, 2, '2024-01-24', '12:00:00'),
	(25, 3, '2024-01-24', '14:30:00'),
	(25, 4, '2024-01-24', '17:00:00'),
	(25, 5, '2024-01-24', '19:30:00'),
	(21, 1, '2024-01-25', '12:00:00'),
	(21, 2, '2024-01-25', '14:30:00'),
	(21, 3, '2024-01-25', '17:00:00'),
	(21, 4, '2024-01-25', '19:30:00'),
	(21, 5, '2024-01-25', '22:00:00'),
	(22, 1, '2024-01-25', '14:30:00'),
	(22, 2, '2024-01-25', '17:00:00'),
	(22, 3, '2024-01-25', '19:30:00'),
	(22, 4, '2024-01-25', '22:00:00'),
	(22, 5, '2024-01-25', '12:00:00'),
	(23, 1, '2024-01-25', '17:00:00'),
	(23, 2, '2024-01-25', '19:30:00'),
	(23, 3, '2024-01-25', '22:00:00'),
	(23, 4, '2024-01-25', '12:00:00'),
	(23, 5, '2024-01-25', '14:30:00'),
	(24, 1, '2024-01-25', '19:30:00'),
	(24, 2, '2024-01-25', '22:00:00'),
	(24, 3, '2024-01-25', '12:00:00'),
	(24, 4, '2024-01-25', '14:30:00'),
	(24, 5, '2024-01-25', '17:00:00'),
	(25, 1, '2024-01-25', '22:00:00'),
	(25, 2, '2024-01-25', '12:00:00'),
	(25, 3, '2024-01-25', '14:30:00'),
	(25, 4, '2024-01-25', '17:00:00'),
	(25, 5, '2024-01-25', '19:30:00'),
	(26, 1, '2024-01-26', '12:00:00'),
	(25, 2, '2024-01-26', '14:30:00'),
	(26, 3, '2024-01-26', '17:00:00'),
	(26, 4, '2024-01-26', '19:30:00'),
	(26, 5, '2024-01-26', '22:00:00'),
	(27, 1, '2024-01-26', '14:30:00'),
	(27, 2, '2024-01-26', '17:00:00'),
	(27, 3, '2024-01-26', '19:30:00'),
	(27, 4, '2024-01-26', '22:00:00'),
	(27, 5, '2024-01-26', '12:00:00'),
	(28, 1, '2024-01-26', '17:00:00'),
	(28, 2, '2024-01-26', '19:30:00'),
	(28, 3, '2024-01-26', '22:00:00'),
	(28, 4, '2024-01-26', '12:00:00'),
	(28, 5, '2024-01-26', '14:30:00'),
	(29, 1, '2024-01-26', '19:30:00'),
	(29, 2, '2024-01-26', '22:00:00'),
	(29, 3, '2024-01-26', '12:00:00'),
	(29, 4, '2024-01-26', '14:30:00'),
	(29, 5, '2024-01-26', '17:00:00'),
	(30, 1, '2024-01-26', '22:00:00'),
	(30, 2, '2024-01-26', '12:00:00'),
	(30, 3, '2024-01-26', '14:30:00'),
	(30, 4, '2024-01-26', '17:00:00'),
	(30, 5, '2024-01-26', '19:30:00'),
	(26, 1, '2024-01-27', '12:00:00'),
	(25, 2, '2024-01-27', '14:30:00'),
	(26, 3, '2024-01-27', '17:00:00'),
	(26, 4, '2024-01-27', '19:30:00'),
	(26, 5, '2024-01-27', '22:00:00'),
	(27, 1, '2024-01-27', '14:30:00'),
	(27, 2, '2024-01-27', '17:00:00'),
	(27, 3, '2024-01-27', '19:30:00'),
	(27, 4, '2024-01-27', '22:00:00'),
	(27, 5, '2024-01-27', '12:00:00'),
	(28, 1, '2024-01-27', '17:00:00'),
	(28, 2, '2024-01-27', '19:30:00'),
	(28, 3, '2024-01-27', '22:00:00'),
	(28, 4, '2024-01-27', '12:00:00'),
	(28, 5, '2024-01-27', '14:30:00'),
	(29, 1, '2024-01-27', '19:30:00'),
	(29, 2, '2024-01-27', '22:00:00'),
	(29, 3, '2024-01-27', '12:00:00'),
	(29, 4, '2024-01-27', '14:30:00'),
	(29, 5, '2024-01-27', '17:00:00'),
	(30, 1, '2024-01-27', '22:00:00'),
	(30, 2, '2024-01-27', '12:00:00'),
	(30, 3, '2024-01-27', '14:30:00'),
	(30, 4, '2024-01-27', '17:00:00'),
	(30, 5, '2024-01-27', '19:30:00'),
	(26, 1, '2024-01-28', '12:00:00'),
	(25, 2, '2024-01-28', '14:30:00'),
	(26, 3, '2024-01-28', '17:00:00'),
	(26, 4, '2024-01-28', '19:30:00'),
	(26, 5, '2024-01-28', '22:00:00'),
	(27, 1, '2024-01-28', '14:30:00'),
	(27, 2, '2024-01-28', '17:00:00'),
	(27, 3, '2024-01-28', '19:30:00'),
	(27, 4, '2024-01-28', '22:00:00'),
	(27, 5, '2024-01-28', '12:00:00'),
	(28, 1, '2024-01-28', '17:00:00'),
	(28, 2, '2024-01-28', '19:30:00'),
	(28, 3, '2024-01-28', '22:00:00'),
	(28, 4, '2024-01-28', '12:00:00'),
	(28, 5, '2024-01-28', '14:30:00'),
	(29, 1, '2024-01-28', '19:30:00'),
	(29, 2, '2024-01-28', '22:00:00'),
	(29, 3, '2024-01-28', '12:00:00'),
	(29, 4, '2024-01-28', '14:30:00'),
	(29, 5, '2024-01-28', '17:00:00'),
	(30, 1, '2024-01-28', '22:00:00'),
	(30, 2, '2024-01-28', '12:00:00'),
	(30, 3, '2024-01-28', '14:30:00'),
	(30, 4, '2024-01-28', '17:00:00'),
	(30, 5, '2024-01-28', '19:30:00'),
	(26, 1, '2024-01-29', '12:00:00'),
	(25, 2, '2024-01-29', '14:30:00'),
	(26, 3, '2024-01-29', '17:00:00'),
	(26, 4, '2024-01-29', '19:30:00'),
	(26, 5, '2024-01-29', '22:00:00'),
	(27, 1, '2024-01-29', '14:30:00'),
	(27, 2, '2024-01-29', '17:00:00'),
	(27, 3, '2024-01-29', '19:30:00'),
	(27, 4, '2024-01-29', '22:00:00'),
	(27, 5, '2024-01-29', '12:00:00'),
	(28, 1, '2024-01-29', '17:00:00'),
	(28, 2, '2024-01-29', '19:30:00'),
	(28, 3, '2024-01-29', '22:00:00'),
	(28, 4, '2024-01-29', '12:00:00'),
	(28, 5, '2024-01-29', '14:30:00'),
	(29, 1, '2024-01-29', '19:30:00'),
	(29, 2, '2024-01-29', '22:00:00'),
	(29, 3, '2024-01-29', '12:00:00'),
	(29, 4, '2024-01-29', '14:30:00'),
	(29, 5, '2024-01-29', '17:00:00'),
	(30, 1, '2024-01-29', '22:00:00'),
	(30, 2, '2024-01-29', '12:00:00'),
	(30, 3, '2024-01-29', '14:30:00'),
	(30, 4, '2024-01-29', '17:00:00'),
	(30, 5, '2024-01-29', '19:30:00'),
	(26, 1, '2024-01-30', '12:00:00'),
	(25, 2, '2024-01-30', '14:30:00'),
	(26, 3, '2024-01-30', '17:00:00'),
	(26, 4, '2024-01-30', '19:30:00'),
	(26, 5, '2024-01-30', '22:00:00'),
	(27, 1, '2024-01-30', '14:30:00'),
	(27, 2, '2024-01-30', '17:00:00'),
	(27, 3, '2024-01-30', '19:30:00'),
	(27, 4, '2024-01-30', '22:00:00'),
	(27, 5, '2024-01-30', '12:00:00'),
	(28, 1, '2024-01-30', '17:00:00'),
	(28, 2, '2024-01-30', '19:30:00'),
	(28, 3, '2024-01-30', '22:00:00'),
	(28, 4, '2024-01-30', '12:00:00'),
	(28, 5, '2024-01-30', '14:30:00'),
	(29, 1, '2024-01-30', '19:30:00'),
	(29, 2, '2024-01-30', '22:00:00'),
	(29, 3, '2024-01-30', '12:00:00'),
	(29, 4, '2024-01-30', '14:30:00'),
	(29, 5, '2024-01-30', '17:00:00'),
	(30, 1, '2024-01-30', '22:00:00'),
	(30, 2, '2024-01-30', '12:00:00'),
	(30, 3, '2024-01-30', '14:30:00'),
	(30, 4, '2024-01-30', '17:00:00'),
	(30, 5, '2024-01-30', '19:30:00'),
	(31, 1, '2024-02-01', '12:00:00'),
	(31, 2, '2024-02-01', '14:30:00'),
	(31, 3, '2024-02-01', '17:00:00'),
	(31, 4, '2024-02-01', '19:30:00'),
	(31, 5, '2024-02-01', '22:00:00'),
	(32, 1, '2024-02-01', '14:30:00'),
	(32, 2, '2024-02-01', '17:00:00'),
	(32, 3, '2024-02-01', '19:30:00'),
	(32, 4, '2024-02-01', '22:00:00'),
	(32, 5, '2024-02-01', '12:00:00'),
	(33, 1, '2024-02-01', '17:00:00'),
	(33, 2, '2024-02-01', '19:30:00'),
	(33, 3, '2024-02-01', '22:00:00'),
	(33, 4, '2024-02-01', '12:00:00'),
	(33, 5, '2024-02-01', '14:30:00'),
	(34, 1, '2024-02-01', '19:30:00'),
	(34, 2, '2024-02-01', '22:00:00'),
	(34, 3, '2024-02-01', '12:00:00'),
	(34, 4, '2024-02-01', '14:30:00'),
	(34, 5, '2024-02-01', '17:00:00'),
	(35, 1, '2024-02-01', '22:00:00'),
	(35, 2, '2024-02-01', '12:00:00'),
	(35, 3, '2024-02-01', '14:30:00'),
	(35, 4, '2024-02-01', '17:00:00'),
	(35, 5, '2024-02-01', '19:30:00'),
	(31, 1, '2024-02-02', '12:00:00'),
	(31, 2, '2024-02-02', '14:30:00'),
	(31, 3, '2024-02-02', '17:00:00'),
	(31, 4, '2024-02-02', '19:30:00'),
	(31, 5, '2024-02-02', '22:00:00'),
	(32, 1, '2024-02-02', '14:30:00'),
	(32, 2, '2024-02-02', '17:00:00'),
	(32, 3, '2024-02-02', '19:30:00'),
	(32, 4, '2024-02-02', '22:00:00'),
	(32, 5, '2024-02-02', '12:00:00'),
	(33, 1, '2024-02-02', '17:00:00'),
	(33, 2, '2024-02-02', '19:30:00'),
	(33, 3, '2024-02-02', '22:00:00'),
	(33, 4, '2024-02-02', '12:00:00'),
	(33, 5, '2024-02-02', '14:30:00'),
	(34, 1, '2024-02-02', '19:30:00'),
	(34, 2, '2024-02-02', '22:00:00'),
	(34, 3, '2024-02-02', '12:00:00'),
	(34, 4, '2024-02-02', '14:30:00'),
	(34, 5, '2024-02-02', '17:00:00'),
	(35, 1, '2024-02-02', '22:00:00'),
	(35, 2, '2024-02-02', '12:00:00'),
	(35, 3, '2024-02-02', '14:30:00'),
	(35, 4, '2024-02-02', '17:00:00'),
	(35, 5, '2024-02-02', '19:30:00'),
	(31, 1, '2024-02-03', '12:00:00'),
	(31, 2, '2024-02-03', '14:30:00'),
	(31, 3, '2024-02-03', '17:00:00'),
	(31, 4, '2024-02-03', '19:30:00'),
	(31, 5, '2024-02-03', '22:00:00'),
	(32, 1, '2024-02-03', '14:30:00'),
	(32, 2, '2024-02-03', '17:00:00'),
	(32, 3, '2024-02-03', '19:30:00'),
	(32, 4, '2024-02-03', '22:00:00'),
	(32, 5, '2024-02-03', '12:00:00'),
	(33, 1, '2024-02-03', '17:00:00'),
	(33, 2, '2024-02-03', '19:30:00'),
	(33, 3, '2024-02-03', '22:00:00'),
	(33, 4, '2024-02-03', '12:00:00'),
	(33, 5, '2024-02-03', '14:30:00'),
	(34, 1, '2024-02-03', '19:30:00'),
	(34, 2, '2024-02-03', '22:00:00'),
	(34, 3, '2024-02-03', '12:00:00'),
	(34, 4, '2024-02-03', '14:30:00'),
	(34, 5, '2024-02-03', '17:00:00'),
	(35, 1, '2024-02-03', '22:00:00'),
	(35, 2, '2024-02-03', '12:00:00'),
	(35, 3, '2024-02-03', '14:30:00'),
	(35, 4, '2024-02-03', '17:00:00'),
	(35, 5, '2024-02-03', '19:30:00'),
	(31, 1, '2024-02-04', '12:00:00'),
	(31, 2, '2024-02-04', '14:30:00'),
	(31, 3, '2024-02-04', '17:00:00'),
	(31, 4, '2024-02-04', '19:30:00'),
	(31, 5, '2024-02-04', '22:00:00'),
	(32, 1, '2024-02-04', '14:30:00'),
	(32, 2, '2024-02-04', '17:00:00'),
	(32, 3, '2024-02-04', '19:30:00'),
	(32, 4, '2024-02-04', '22:00:00'),
	(32, 5, '2024-02-04', '12:00:00'),
	(33, 1, '2024-02-04', '17:00:00'),
	(33, 2, '2024-02-04', '19:30:00'),
	(33, 3, '2024-02-04', '22:00:00'),
	(33, 4, '2024-02-04', '12:00:00'),
	(33, 5, '2024-02-04', '14:30:00'),
	(34, 1, '2024-02-04', '19:30:00'),
	(34, 2, '2024-02-04', '22:00:00'),
	(34, 3, '2024-02-04', '12:00:00'),
	(34, 4, '2024-02-04', '14:30:00'),
	(34, 5, '2024-02-04', '17:00:00'),
	(35, 1, '2024-02-04', '22:00:00'),
	(35, 2, '2024-02-04', '12:00:00'),
	(35, 3, '2024-02-04', '14:30:00'),
	(35, 4, '2024-02-04', '17:00:00'),
	(35, 5, '2024-02-04', '19:30:00'),
	(31, 1, '2024-02-05', '12:00:00'),
	(31, 2, '2024-02-05', '14:30:00'),
	(31, 3, '2024-02-05', '17:00:00'),
	(31, 4, '2024-02-05', '19:30:00'),
	(31, 5, '2024-02-05', '22:00:00'),
	(32, 1, '2024-02-05', '14:30:00'),
	(32, 2, '2024-02-05', '17:00:00'),
	(32, 3, '2024-02-05', '19:30:00'),
	(32, 4, '2024-02-05', '22:00:00'),
	(32, 5, '2024-02-05', '12:00:00'),
	(33, 1, '2024-02-05', '17:00:00'),
	(33, 2, '2024-02-05', '19:30:00'),
	(33, 3, '2024-02-05', '22:00:00'),
	(33, 4, '2024-02-05', '12:00:00'),
	(33, 5, '2024-02-05', '14:30:00'),
	(34, 1, '2024-02-05', '19:30:00'),
	(34, 2, '2024-02-05', '22:00:00'),
	(34, 3, '2024-02-05', '12:00:00'),
	(34, 4, '2024-02-05', '14:30:00'),
	(34, 5, '2024-02-05', '17:00:00'),
	(35, 1, '2024-02-05', '22:00:00'),
	(35, 2, '2024-02-05', '12:00:00'),
	(35, 3, '2024-02-05', '14:30:00'),
	(35, 4, '2024-02-05', '17:00:00'),
	(35, 5, '2024-02-05', '19:30:00');

/*Questão 1
  Faça uma consulta que retorne o nome de todos os diretores cdastrados na base de dados que dirigiram
  filmes antes de 1990*/

/* select distinct nome_diretor
 from tbDiretor, tbFilme
 where ano_lancamento < 1990 and
 tbDiretor.codigo_diretor = tbFilme.codigo_diretor */
 
 /*+-----+-----+-----+-----+*/
 
/*Questão 2 
  Faça uma consulta que retorne o nome_diretor
  de todos os filmes da categoria_filme
  "drama que serão exibidos na sala Verde.*/
 
/*select distinct nome_filme
  from  tbFilme, tbSala, tbSalaFilme
  where categoria_filme = 'Drama' and descricao_sala = 'Sala Verde' and
  tbSala.numero_sala = tbSalaFilme.numero_sala and
  tbSalaFilme.codigo_filme = tbFilme.codigo_filme */
  
   /*+-----+-----+-----+-----+*/
  
/*Questão 3
Adicione uma coluna na tbSalaFilme chamada
valor_ingresso do tipo decimal */

alter table tbSalaFilme
  add column valor_ingresso decimal;
  
/*Questão 4
Coloque o valor do ingresso em 10 reais para
filmes exibidos antes de fevereiro de 2024.*/

update tbSalaFilme
set valor_ingresso = 10
where data_sf < '2024-02-01';

/*Coloque o valor do ingresso em 1 reais para
filmes exibidos depois de fevereiro de 2024.*/

update tbSalaFilme
set valor_ingresso = 15
where data_sf > '2024-02-28';

/*Questão 6
Faça uma consulta que retorne o nome dos
diretores que ganharam o prêmio "MTV Movie Awards"
antes dos ano 2000.*/

/*select distinct nome_diretor
from tbDiretor, tbPremio, tbPremioFilme, tbFilme
where ano_premio < 2000 and nome_premio = 'MTV Movie Awards' and
tbPremio.codigo_premio = tbPremioFilme.codigo_premio and
tbDiretor.codigo_diretor = tbFilme.codigo_diretor and
tbFilme.codigo_filme = tbPremioFilme.codigo_filme;*/
 
/* Questão 7
Faça uma consulta que exiba, nome do filme,
nome do diretor, e ano de lançamento dos filmes
que ganharam um 'Oscar' e que foram exibidos em salas
com mais de 200 expectadores. */

select distinct nome_filme, nome_diretor, ano_lancamento
from tbFilme, tbDiretor, tbPremioFilme, tbPremio, tbSala, tbSalaFilme
where nome_premio = 'Óscar' 
and capacidade_sala > 200 
and tbFilme.codigo_diretor = tbDiretor.codigo_diretor 
and tbPremio.codigo_premio = tbPremioFilme.codigo_premio
and tbFilme.codigo_filme = tbPremioFilme.codigo_filme
and tbSala.numero_sala = tbSalaFilme.numero_sala;